search_term,uniprot_accession,gene_name,description,ec_number,synonyms,location,keywords,go_terms,family,zinc_link,cansar_link,nearest_drug_target,matching_drug_target_50,matching_drug_target_35,number_of_3d_structure,number_of_3d_structure_with_small_molecule_ligand,number_of_3d_structure_with_druggability,number_of_3d_structure_druggable,percentage_of_3d_structure_druggable,number_of_3d_structure_tractable,percentage_of_3d_structure_tractable,ligand_druggability_score,ligand_druggability_percentile_rank,matching_protein_variants,screened_compounds,screened_compounds_active,screened_compounds_active_ro5,screened_fragments,screened_fragments_active,screened_fragments_active_ro5,most_prevalent_mutation,most_prevalent_cnv,highest_expressing_celllines
,P18846,ATF1,"Cyclic AMP-dependent transcription factor ATF-1",,"ATF1_HUMAN, ATF1",Nucleus,"P18846 ATF1_HUMAN Cyclic AMP-dependent transcription factor ATF-1 P18846,B4DRF9,P25168,Q9H4A8 Activating transcription factor 1, Protein TREB36 ","atf1-atf4 transcription factor complex, atf4-creb1 transcription factor complex, chromatin, nucleoplasm, nucleus, transcription regulator complex",,http://zinc.docking.org/results/combination?filter.purchasability=purchasable&annotation.name=ATF1_HUMAN,https://cansarblack.icr.ac.uk/target/P18846/synopsis,,,,,,,,0,,0,-0.6,73,,,,,,,,,,
,P18850,ATF6,"Cyclic AMP-dependent transcription factor ATF-6 alpha",,"ATF6A_HUMAN, ATF6","Endoplasmic reticulum membrane, Golgi apparatus membrane, Nucleus","P18850 ATF6A_HUMAN Cyclic AMP-dependent transcription factor ATF-6 alpha P18850,O15139,Q5VW62,Q6IPB5,Q9UEC9 Activating transcription factor 6 alpha ","chromatin, cytosol, endoplasmic reticulum, endoplasmic reticulum membrane, golgi apparatus, golgi membrane, integral component of endoplasmic reticulum membrane, membrane, nuclear envelope, nucleoplasm, nucleus",,http://zinc.docking.org/results/combination?filter.purchasability=purchasable&annotation.name=ATF6A_HUMAN,https://cansarblack.icr.ac.uk/target/P18850/synopsis,,,,,,,,0,,0,0.8,88,,,,,,,,,,
,O14867,BACH1,"Transcription regulator protein BACH1",,"BACH1_HUMAN, BACH1",Nucleus,"O14867 BACH1_HUMAN Transcription regulator protein BACH1 O14867,O43285,Q6ICU0 BTB and CNC homolog 1, HA2303 ","chromatin, cytoplasm, nucleus",,http://zinc.docking.org/results/combination?filter.purchasability=purchasable&annotation.name=BACH1_HUMAN,https://cansarblack.icr.ac.uk/target/O14867/synopsis,,,,,,,,0,,0,0.85,89,,,,,,,,,,
,Q9BYV9,BACH2,"Transcription regulator protein BACH2",,"BACH2_HUMAN, BACH2","Cytoplasm, Nucleus","Q9BYV9 BACH2_HUMAN Transcription regulator protein BACH2 Q9BYV9,E1P518,Q59H70,Q5T793,Q9NTS5 BTB and CNC homolog 2 ","chromatin, cytosol, nucleoplasm",,http://zinc.docking.org/results/combination?filter.purchasability=purchasable&annotation.name=BACH2_HUMAN,https://cansarblack.icr.ac.uk/target/Q9BYV9/synopsis,,,,,,,,0,,0,0.8,88,,,,,,,,,,
,Q9NR55,BATF3,"Basic leucine zipper transcriptional factor ATF-like 3",,"BATF3_HUMAN, BATF3, SNFT",Nucleus,"Q9NR55 BATF3_HUMAN Basic leucine zipper transcriptional factor ATF-like 3 Q9NR55 21 kDa small nuclear factor isolated from T-cells, Jun dimerization protein p21SNFT SNFT","chromatin, cytosol, nucleolus, nucleoplasm, nucleus",,http://zinc.docking.org/results/combination?filter.purchasability=purchasable&annotation.name=BATF3_HUMAN,https://cansarblack.icr.ac.uk/target/Q9NR55/synopsis,,,,,,,,0,,0,0.05,80,,,,,,,,,,
,P53567,CEBPG,"CCAAT/enhancer-binding protein gamma",,"CEBPG_HUMAN, CEBPG",Nucleus,"P53567 CEBPG_HUMAN CCAAT/enhancer-binding protein gamma P53567,B2R946,Q5U052  ","chromatin, nucleoplasm, nucleus",,http://zinc.docking.org/results/combination?filter.purchasability=purchasable&annotation.name=CEBPG_HUMAN,https://cansarblack.icr.ac.uk/target/P53567/synopsis,,,,,,,,0,,0,-3,59,,,,,,,,,,
,O43889,CREB3,"Cyclic AMP-responsive element-binding protein 3",,"CREB3_HUMAN, CREB3, LZIP","Endoplasmic reticulum membrane, Golgi apparatus, Nucleus, Cytoplasm, Nucleus, Cytoplasm","O43889 CREB3_HUMAN Cyclic AMP-responsive element-binding protein 3 O43889,D0PTW6,O14671,O14919,Q5TCV1,Q96GK8,Q9H2W3,Q9UE77 Leucine zipper protein, Luman, Transcription factor LZIP-alpha LZIP","chromatin, cytoplasm, cytosol, endoplasmic reticulum, endoplasmic reticulum membrane, golgi apparatus, golgi membrane, integral component of endoplasmic reticulum membrane, integral component of membrane, membrane, neuronal cell body, nuclear body, nucleoplasm, nucleus",,http://zinc.docking.org/results/combination?filter.purchasability=purchasable&annotation.name=CREB3_HUMAN,https://cansarblack.icr.ac.uk/target/O43889/synopsis,,,,,,,,0,,0,-3,59,,,,,,,,,,
,Q8TEY5,CREB3L4,"Cyclic AMP-responsive element-binding protein 3-like protein 4",,"CR3L4_HUMAN, CREB3L4, AIBZIP, CREB4, JAL","Endoplasmic reticulum membrane, Golgi apparatus membrane, Nucleus","Q8TEY5 CR3L4_HUMAN Cyclic AMP-responsive element-binding protein 3-like protein 4 Q8TEY5,D3DV62,Q5T4L0,Q86YW6 Androgen-induced basic leucine zipper protein, Attaching to CRE-like 1, Cyclic AMP-responsive element-binding protein 4, Transcript induced in spermiogenesis protein 40, hJAL AIBZIP, CREB4, JAL","chromatin, endoplasmic reticulum, endoplasmic reticulum membrane, golgi apparatus, golgi membrane, integral component of membrane, mitochondrion, nuclear membrane, nucleoplasm, nucleus",,http://zinc.docking.org/results/combination?filter.purchasability=purchasable&annotation.name=CR3L4_HUMAN,https://cansarblack.icr.ac.uk/target/Q8TEY5/synopsis,,,,,,,,0,,0,-3,59,,,,,,,,,,
,P0DPQ6,DDIT3,"DDIT3 upstream open reading frame protein",,"DT3UO_HUMAN, DDIT3","Nucleus, Cytoplasm","P0DPQ6 DT3UO_HUMAN DDIT3 upstream open reading frame protein P0DPQ6 Alternative DDIT3 protein ","cytoplasm, nucleus",,http://zinc.docking.org/results/combination?filter.purchasability=purchasable&annotation.name=DT3UO_HUMAN,https://cansarblack.icr.ac.uk/target/P0DPQ6/synopsis,,,,,,,,0,,0,,,,,,,,,,,,
,P35638,DDIT3,"DNA damage-inducible transcript 3 protein",,"DDIT3_HUMAN, DDIT3, CHOP, CHOP10, GADD153","Cytoplasm, Nucleus","P35638 DDIT3_HUMAN DNA damage-inducible transcript 3 protein P35638,F8VS99 C/EBP zeta, C/EBP-homologous protein, C/EBP-homologous protein 10, CCAAT/enhancer-binding protein homologous protein, Growth arrest and DNA damage-inducible protein GADD153 CHOP, CHOP10, GADD153","chop-atf3 complex, chop-atf4 complex, chop-c/ebp complex, chromatin, cytoplasm, cytosol, late endosome, nucleus, protein-dna complex, transcription regulator complex",,http://zinc.docking.org/results/combination?filter.purchasability=purchasable&annotation.name=DDIT3_HUMAN,https://cansarblack.icr.ac.uk/target/P35638/synopsis,,,,,,,,0,,0,-3,59,,,,,,,,,,
,O75461,E2F6,"Transcription factor E2F6",,"E2F6_HUMAN, E2F6",Nucleus,"O75461 E2F6_HUMAN Transcription factor E2F6 O75461,A8K2Z8,G5E936,O60544,Q53QY9,Q6Q9Z6,Q7Z2H6  ","chromatin, mll1 complex, nucleoplasm, nucleus, rna polymerase ii transcription regulator complex",,http://zinc.docking.org/results/combination?filter.purchasability=purchasable&annotation.name=E2F6_HUMAN,https://cansarblack.icr.ac.uk/target/O75461/synopsis,,,,,,,,0,,0,-3,59,,,,,,,,,,
,P18146,EGR1,"Early growth response protein 1",,"EGR1_HUMAN, EGR1, KROX24, ZNF225","Nucleus, Cytoplasm","P18146 EGR1_HUMAN Early growth response protein 1 P18146 AT225, Nerve growth factor-induced protein A, Transcription factor ETR103, Transcription factor Zif268, Zinc finger protein 225, Zinc finger protein Krox-24 KROX24, ZNF225","chromatin, cytoplasm, nucleoplasm, nucleus",,http://zinc.docking.org/results/combination?filter.purchasability=purchasable&annotation.name=EGR1_HUMAN,https://cansarblack.icr.ac.uk/target/P18146/synopsis,,,,,,,,0,,0,-3,59,,,,,,,,,,
,P32519,ELF1,"ETS-related transcription factor Elf-1",,"ELF1_HUMAN, ELF1",Nucleus,"P32519 ELF1_HUMAN ETS-related transcription factor Elf-1 P32519,B4E2I5,E9PDQ9,Q8N6F6,Q9UDE1 E74-like factor 1 ","chromatin, nucleoplasm, nucleus",,http://zinc.docking.org/results/combination?filter.purchasability=purchasable&annotation.name=ELF1_HUMAN,https://cansarblack.icr.ac.uk/target/P32519/synopsis,,,,,,,,0,,0,-3,59,,,,,,,,,,
,Q15723,ELF2,"ETS-related transcription factor Elf-2",,"ELF2_HUMAN, ELF2, NERF",Nucleus,"Q15723 ELF2_HUMAN ETS-related transcription factor Elf-2 Q15723,E9PCX3,Q15724,Q15725,Q6P1K5 E74-like factor 2, New ETS-related factor NERF","chromatin, cytosol, nuclear body, nucleoplasm, nucleus",,http://zinc.docking.org/results/combination?filter.purchasability=purchasable&annotation.name=ELF2_HUMAN,https://cansarblack.icr.ac.uk/target/Q15723/synopsis,,,,,,,,0,,0,-3,59,,,,,,,,,,
,P78545,ELF3,"ETS-related transcription factor Elf-3",,"ELF3_HUMAN, ELF3, ERT, ESX, JEN","Cytoplasm, Nucleus","P78545 ELF3_HUMAN ETS-related transcription factor Elf-3 P78545,B2R5Q6,Q6IAP8,Q7RU03,Q7Z3X2,Q8NFG2,Q99718 E74-like factor 3, Epithelial-restricted with serine box, Epithelium-restricted Ets protein ESX, Epithelium-specific Ets transcription factor 1 ERT, ESX, JEN","chromatin, cytosol, golgi apparatus, nucleoplasm, nucleus",,http://zinc.docking.org/results/combination?filter.purchasability=purchasable&annotation.name=ELF3_HUMAN,https://cansarblack.icr.ac.uk/target/P78545/synopsis,,,,,,,,0,,0,-3,59,,,,,,,,,,
,Q99607,ELF4,"ETS-related transcription factor Elf-4",,"ELF4_HUMAN, ELF4, ELFR, MEF","Nucleus, PML body","Q99607 ELF4_HUMAN ETS-related transcription factor Elf-4 Q99607,D3DTG1,O60435 E74-like factor 4, Myeloid Elf-1-like factor ELFR, MEF","chromatin, nuclear body, nucleoplasm, nucleus, pml body",,http://zinc.docking.org/results/combination?filter.purchasability=purchasable&annotation.name=ELF4_HUMAN,https://cansarblack.icr.ac.uk/target/Q99607/synopsis,,,,,,,,0,,0,-3,59,,,,,,,,,,
,P41970,ELK3,"ETS domain-containing protein Elk-3",,"ELK3_HUMAN, ELK3, NET, SAP2",Nucleus,"P41970 ELK3_HUMAN ETS domain-containing protein Elk-3 P41970,B2R6S6,Q6FG57,Q6GU29,Q9UD17 ETS-related protein ERP, ETS-related protein NET, Serum response factor accessory protein 2 NET, SAP2","chromatin, mitochondrion, nucleoplasm, nucleus",,http://zinc.docking.org/results/combination?filter.purchasability=purchasable&annotation.name=ELK3_HUMAN,https://cansarblack.icr.ac.uk/target/P41970/synopsis,,,,,,,,0,,0,-1.1,67,,,,,,,,,,
,P28324,ELK4,"ETS domain-containing protein Elk-4",,"ELK4_HUMAN, ELK4, SAP1",Nucleus,"P28324 ELK4_HUMAN ETS domain-containing protein Elk-4 P28324,P28323,Q6GSJ2 Serum response factor accessory protein 1 SAP1","chromatin, cytosol, nucleoplasm, nucleus",,http://zinc.docking.org/results/combination?filter.purchasability=purchasable&annotation.name=ELK4_HUMAN,https://cansarblack.icr.ac.uk/target/P28324/synopsis,,,,,,,,0,,0,-1.1,67,,,,,,,,,,
,P50548,ERF,"ETS domain-containing transcription factor ERF",,"ERF_HUMAN, ERF",Nucleus,"P50548 ERF_HUMAN ETS domain-containing transcription factor ERF P50548,B2RAP1,B7Z4R0,Q59G38,Q9UPI7 Ets2 repressor factor, PE-2 ","chromatin, cytosol, nucleoplasm, nucleus",,http://zinc.docking.org/results/combination?filter.purchasability=purchasable&annotation.name=ERF_HUMAN,https://cansarblack.icr.ac.uk/target/P50548/synopsis,,,,,,,,0,,0,-1.1,67,,,,,,,,,,
,P14921,ETS1,"Protein C-ets-1",,"ETS1_HUMAN, ETS1, EWSR2","Cytoplasm, Nucleus","P14921 ETS1_HUMAN Protein C-ets-1 P14921,A9UL17,F5GYX9,Q14278,Q16080,Q6N087,Q96AC5 p54 EWSR2","chromatin, cytoplasm, nucleoplasm, nucleus",,http://zinc.docking.org/results/combination?filter.purchasability=purchasable&annotation.name=ETS1_HUMAN,https://cansarblack.icr.ac.uk/target/P14921/synopsis,,,,,,,,0,,0,-1.1,67,,,,,,,,,,
,P43268,ETV4,"ETS translocation variant 4",,"ETV4_HUMAN, ETV4, E1AF, PEA3",Nucleus,"P43268 ETV4_HUMAN ETS translocation variant 4 P43268,A8K314,B7Z5J3,B7Z9J6,Q96AW9 Adenovirus E1A enhancer-binding protein, E1A-F, Polyomavirus enhancer activator 3 homolog E1AF, PEA3","chromatin, chromosome, nucleolus, nucleoplasm, nucleus",,http://zinc.docking.org/results/combination?filter.purchasability=purchasable&annotation.name=ETV4_HUMAN,https://cansarblack.icr.ac.uk/target/P43268/synopsis,,,,,,,,0,,0,-1.1,67,,,,,,,,,,
,P41161,ETV5,"ETS translocation variant 5",,"ETV5_HUMAN, ETV5, ERM",Nucleus,"P41161 ETV5_HUMAN ETS translocation variant 5 P41161,A6NH46,B7Z7D7,Q6IBN5 Ets-related protein ERM ERM","chromatin, nucleoplasm, nucleus",,http://zinc.docking.org/results/combination?filter.purchasability=purchasable&annotation.name=ETV5_HUMAN,https://cansarblack.icr.ac.uk/target/P41161/synopsis,,,,,,,,0,,0,-1.1,67,,,,,,,,,,
,P01100,FOS,"Proto-oncogene c-Fos",,"FOS_HUMAN, FOS, G0S7","Nucleus, Endoplasmic reticulum, Cytoplasm, Cytosol","P01100 FOS_HUMAN Proto-oncogene c-Fos P01100,A8K4E2,B4DQ65,P18849 Cellular oncogene fos, G0/G1 switch regulatory protein 7 G0S7","chromatin, cytosol, endoplasmic reticulum, membrane, neuron projection, nucleoplasm, nucleus, protein-dna complex, transcription factor ap-1 complex",,http://zinc.docking.org/results/combination?filter.purchasability=purchasable&annotation.name=FOS_HUMAN,https://cansarblack.icr.ac.uk/target/P01100/synopsis,,,,,,,,0,,0,-0.45,74,,,,,,,,,,
,P53539,FOSB,"Protein fosB",,"FOSB_HUMAN, FOSB, G0S3",Nucleus,"P53539 FOSB_HUMAN Protein fosB P53539,A8K9K5,A8VJE1,A8VJE6,A8VJF0,A8VJF3,A8VJF7,A8VJG1,A8VJG5,A8VJG9,E7EPR6,E9PHJ3,K7EMJ6,Q49AD7 G0/G1 switch regulatory protein 3 G0S3","chromatin, intracellular membrane-bounded organelle, nucleoplasm, nucleus",,http://zinc.docking.org/results/combination?filter.purchasability=purchasable&annotation.name=FOSB_HUMAN,https://cansarblack.icr.ac.uk/target/P53539/synopsis,,,,,,,,0,,0,-0.45,74,,,,,,,,,,
,P15407,FOSL1,"Fos-related antigen 1",,"FOSL1_HUMAN, FOSL1, FRA1",Nucleus,"P15407 FOSL1_HUMAN Fos-related antigen 1 P15407,B4DR11,Q6FG51  FRA1","chromatin, cytosol, neuron projection, nucleoplasm, nucleus, presynaptic membrane",,http://zinc.docking.org/results/combination?filter.purchasability=purchasable&annotation.name=FOSL1_HUMAN,https://cansarblack.icr.ac.uk/target/P15407/synopsis,,,,,,,,0,,0,-3,59,,,,,,,,,,
,P15408,FOSL2,"Fos-related antigen 2",,"FOSL2_HUMAN, FOSL2, FRA2",Nucleus,"P15408 FOSL2_HUMAN Fos-related antigen 2 P15408,B2RD58,B3KP27,B4DYV4,Q6FG46  FRA2","chromatin, nucleoplasm, nucleus",,http://zinc.docking.org/results/combination?filter.purchasability=purchasable&annotation.name=FOSL2_HUMAN,https://cansarblack.icr.ac.uk/target/P15408/synopsis,,,,,,,,0,,0,-3,59,,,,,,,,,,
,Q9UPW0,FOXJ3,"Forkhead box protein J3",,"FOXJ3_HUMAN, FOXJ3, KIAA1041",Nucleus,"Q9UPW0 FOXJ3_HUMAN Forkhead box protein J3 Q9UPW0,A7MBL7,A7MD18,D3DPW2,Q9NSS7  KIAA1041","chromatin, nucleus",,http://zinc.docking.org/results/combination?filter.purchasability=purchasable&annotation.name=FOXJ3_HUMAN,https://cansarblack.icr.ac.uk/target/Q9UPW0/synopsis,,,,,,,,0,,0,-3,59,,,,,,,,,,
,Q06546,GABPA,"GA-binding protein alpha chain",,"GABPA_HUMAN, GABPA, E4TF1A",Nucleus,"Q06546 GABPA_HUMAN GA-binding protein alpha chain Q06546,Q12939 Nuclear respiratory factor 2 subunit alpha, Transcription factor E4TF1-60 E4TF1A","chromatin, nucleoplasm, nucleus",,http://zinc.docking.org/results/combination?filter.purchasability=purchasable&annotation.name=GABPA_HUMAN,https://cansarblack.icr.ac.uk/target/Q06546/synopsis,,,,,,,,0,,0,-3,59,,,,,,,,,,
,P10914,IRF1,"Interferon regulatory factor 1",,"IRF1_HUMAN, IRF1","Nucleus, Cytoplasm","P10914 IRF1_HUMAN Interferon regulatory factor 1 P10914,Q96GG7  ","chromatin, cytoplasm, cytosol, nucleoplasm, nucleus",,http://zinc.docking.org/results/combination?filter.purchasability=purchasable&annotation.name=IRF1_HUMAN,https://cansarblack.icr.ac.uk/target/P10914/synopsis,,,,,,,,0,,0,-3,59,,,,,,,,,,
,P14316,IRF2,"Interferon regulatory factor 2",,"IRF2_HUMAN, IRF2",Nucleus,"P14316 IRF2_HUMAN Interferon regulatory factor 2 P14316,D6RCK5,H0Y8S3,Q6IAS7,Q96B99  ","chromatin, cytosol, focal adhesion, nucleoplasm, nucleus",,http://zinc.docking.org/results/combination?filter.purchasability=purchasable&annotation.name=IRF2_HUMAN,https://cansarblack.icr.ac.uk/target/P14316/synopsis,,,,,,,,0,,0,-3,59,,,,,,,,,,
,Q8WYK2,JDP2,"Jun dimerization protein 2",,"JDP2_HUMAN, JDP2",Nucleus,"Q8WYK2 JDP2_HUMAN Jun dimerization protein 2 Q8WYK2,J3KN58,O95430,Q9UIE4  ","chromatin, nucleus",,http://zinc.docking.org/results/combination?filter.purchasability=purchasable&annotation.name=JDP2_HUMAN,https://cansarblack.icr.ac.uk/target/Q8WYK2/synopsis,,,,,,,,0,,0,0.8,88,,,,,,,,,,
,P05412,JUN,"Transcription factor AP-1",,"JUN_HUMAN, JUN",Nucleus,"P05412 JUN_HUMAN Transcription factor AP-1 P05412,Q6FHM7,Q96G93 Activator protein 1, Proto-oncogene c-Jun, V-jun avian sarcoma virus 17 oncogene homolog, p39 ","chromatin, cytosol, euchromatin, nuclear chromosome, nucleoplasm, nucleus, plasma membrane, transcription factor ap-1 complex, transcription regulator complex",,http://zinc.docking.org/results/combination?filter.purchasability=purchasable&annotation.name=JUN_HUMAN,https://cansarblack.icr.ac.uk/target/P05412/synopsis,,,,,,,,0,,0,0.9,89,,,,,,,,,,
,P17275,JUNB,"Transcription factor jun-B",,"JUNB_HUMAN, JUNB",Nucleus,"P17275 JUNB_HUMAN Transcription factor jun-B P17275,Q96GH3  ","chromatin, nucleoplasm, transcription factor ap-1 complex, transcription regulator complex",,http://zinc.docking.org/results/combination?filter.purchasability=purchasable&annotation.name=JUNB_HUMAN,https://cansarblack.icr.ac.uk/target/P17275/synopsis,,,,,,,,0,,0,-0.85,70,,,,,,,,,,
,P17535,JUND,"Transcription factor jun-D",,"JUND_HUMAN, JUND",Nucleus,"P17535 JUND_HUMAN Transcription factor jun-D P17535,Q53EK9  ","chromatin, nucleoplasm, protein-dna complex, transcription factor ap-1 complex, transcription regulator complex",,http://zinc.docking.org/results/combination?filter.purchasability=purchasable&annotation.name=JUND_HUMAN,https://cansarblack.icr.ac.uk/target/P17535/synopsis,,,,,,,,0,,0,-3,59,,,,,,,,,,
,Q13118,KLF10,"Krueppel-like factor 10",,"KLF10_HUMAN, KLF10, TIEG, TIEG1",Nucleus,"Q13118 KLF10_HUMAN Krueppel-like factor 10 Q13118,A8MVH0,B2R794,L0R4P6,L0R679,O75411,Q503B2 EGR-alpha, Transforming growth factor-beta-inducible early growth response protein 1 TIEG, TIEG1","chromatin, nucleus",,http://zinc.docking.org/results/combination?filter.purchasability=purchasable&annotation.name=KLF10_HUMAN,https://cansarblack.icr.ac.uk/target/Q13118/synopsis,,,,,,,,0,,0,-0.55,73,,,,,,,,,,
,O14901,KLF11,"Krueppel-like factor 11",,"KLF11_HUMAN, KLF11, FKLF, TIEG2",Nucleus,"O14901 KLF11_HUMAN Krueppel-like factor 11 O14901,B4DZE7,Q9EPF4 Transforming growth factor-beta-inducible early growth response protein 2 FKLF, TIEG2","chromatin, cytosol, focal adhesion, nuclear body, nucleoplasm, nucleus",,http://zinc.docking.org/results/combination?filter.purchasability=purchasable&annotation.name=KLF11_HUMAN,https://cansarblack.icr.ac.uk/target/O14901/synopsis,,,,,,,,0,,0,-3,59,,,,,,,,,,
,Q9BXK1,KLF16,"Krueppel-like factor 16",,"KLF16_HUMAN, KLF16, BTEB4, NSLP2",Nucleus,"Q9BXK1 KLF16_HUMAN Krueppel-like factor 16 Q9BXK1 Basic transcription element-binding protein 4, Novel Sp1-like zinc finger transcription factor 2, Transcription factor BTEB4, Transcription factor NSLP2 BTEB4, NSLP2","chromatin, nucleus",,http://zinc.docking.org/results/combination?filter.purchasability=purchasable&annotation.name=KLF16_HUMAN,https://cansarblack.icr.ac.uk/target/Q9BXK1/synopsis,,,,,,,,0,,0,-3,59,,,,,,,,,,
,Q9Y5W3,KLF2,"Krueppel-like factor 2",,"KLF2_HUMAN, KLF2, LKLF",Nucleus,"Q9Y5W3 KLF2_HUMAN Krueppel-like factor 2 Q9Y5W3,Q6IPC4,Q9UJS5,Q9UKR6 Lung krueppel-like factor LKLF","chromatin, nucleus",,http://zinc.docking.org/results/combination?filter.purchasability=purchasable&annotation.name=KLF2_HUMAN,https://cansarblack.icr.ac.uk/target/Q9Y5W3/synopsis,,,,,,,,0,,0,-3,59,,,,,,,,,,
,P57682,KLF3,"Krueppel-like factor 3",,"KLF3_HUMAN, KLF3, BKLF",Nucleus,"P57682 KLF3_HUMAN Krueppel-like factor 3 P57682,Q6PIR1,Q86TN0,Q9P2X6 Basic krueppel-like factor, CACCC-box-binding protein BKLF, TEF-2 BKLF","chromatin, nucleoplasm",,http://zinc.docking.org/results/combination?filter.purchasability=purchasable&annotation.name=KLF3_HUMAN,https://cansarblack.icr.ac.uk/target/P57682/synopsis,,,,,,,,0,,0,-1.65,62,,,,,,,,,,
,O43474,KLF4,"Krueppel-like factor 4",,"KLF4_HUMAN, KLF4, EZF, GKLF",Nucleus,"O43474 KLF4_HUMAN Krueppel-like factor 4 O43474,B2R8S4,B3KT79,L0R3I6,L0R4N5,P78338,Q5T3J8,Q5T3J9,Q8N717,Q9UNP3 Epithelial zinc finger protein EZF, Gut-enriched krueppel-like factor EZF, GKLF","chromatin, cytoplasm, euchromatin, nucleoplasm, transcription regulator complex",,http://zinc.docking.org/results/combination?filter.purchasability=purchasable&annotation.name=KLF4_HUMAN,https://cansarblack.icr.ac.uk/target/O43474/synopsis,,,,,,,,0,,0,-3,59,,,,,,,,,,
,Q13887,KLF5,"Krueppel-like factor 5",,"KLF5_HUMAN, KLF5, BTEB2, CKLF, IKLF",Nucleus,"Q13887 KLF5_HUMAN Krueppel-like factor 5 Q13887,A2TJX0,L0R3U5,L0R4T9,Q9UHP8 Basic transcription element-binding protein 2, Colon krueppel-like factor, GC-box-binding protein 2, Intestinal-enriched krueppel-like factor, Transcription factor BTEB2 BTEB2, CKLF, IKLF","chromatin, golgi apparatus, intracellular membrane-bounded organelle, nucleoplasm, transcription regulator complex",,http://zinc.docking.org/results/combination?filter.purchasability=purchasable&annotation.name=KLF5_HUMAN,https://cansarblack.icr.ac.uk/target/Q13887/synopsis,,,,,,,,0,,0,-3,59,,,,,,,,,,
,Q99612,KLF6,"Krueppel-like factor 6",,"KLF6_HUMAN, KLF6, BCD1, COPEB, CPBP, ST12",Nucleus,"Q99612 KLF6_HUMAN Krueppel-like factor 6 Q99612,B2RE86,B4DDN0,D3DRR1,F5H3M5,Q5VUT7,Q5VUT8,Q9BT79 B-cell-derived protein 1, Core promoter element-binding protein, GC-rich sites-binding factor GBF, Proto-oncogene BCD1, Suppressor of tumorigenicity 12 protein, Transcription factor Zf9 BCD1, COPEB, CPBP, ST12","chromatin, cytosol, fibrillar center, intracellular membrane-bounded organelle, nucleolus, nucleoplasm, nucleus",,http://zinc.docking.org/results/combination?filter.purchasability=purchasable&annotation.name=KLF6_HUMAN,https://cansarblack.icr.ac.uk/target/Q99612/synopsis,,,,,,,,0,,0,-3,59,,,,,,,,,,
,Q13886,KLF9,"Krueppel-like factor 9",,"KLF9_HUMAN, KLF9, BTEB, BTEB1",Nucleus,"Q13886 KLF9_HUMAN Krueppel-like factor 9 Q13886,B2R943,Q16196 Basic transcription element-binding protein 1, GC-box-binding protein 1, Transcription factor BTEB1 BTEB, BTEB1","chromatin, cytosol, nucleoplasm, nucleus, plasma membrane",,http://zinc.docking.org/results/combination?filter.purchasability=purchasable&annotation.name=KLF9_HUMAN,https://cansarblack.icr.ac.uk/target/Q13886/synopsis,,,,,,,,0,,0,-3,59,,,,,,,,,,
,Q9Y5Q3,MAFB,"Transcription factor MafB",,"MAFB_HUMAN, MAFB, KRML",Nucleus,"Q9Y5Q3 MAFB_HUMAN Transcription factor MafB Q9Y5Q3,B3KNE1,Q9H1F1 V-maf musculoaponeurotic fibrosarcoma oncogene homolog B KRML","chromatin, nucleus, transcription regulator complex",,http://zinc.docking.org/results/combination?filter.purchasability=purchasable&annotation.name=MAFB_HUMAN,https://cansarblack.icr.ac.uk/target/Q9Y5Q3/synopsis,,,,,,,,0,,0,0.85,89,,,,,,,,,,
,Q9ULX9,MAFF,"Transcription factor MafF",,"MAFF_HUMAN, MAFF",Nucleus,"Q9ULX9 MAFF_HUMAN Transcription factor MafF Q9ULX9,B4DV49,Q9Y525 U-Maf, V-maf musculoaponeurotic fibrosarcoma oncogene homolog F ","chromatin, mitochondrion, nucleoplasm, nucleus",,http://zinc.docking.org/results/combination?filter.purchasability=purchasable&annotation.name=MAFF_HUMAN,https://cansarblack.icr.ac.uk/target/Q9ULX9/synopsis,,,,,,,,0,,0,-1.8,60,,,,,,,,,,
,O15525,MAFG,"Transcription factor MafG",,"MAFG_HUMAN, MAFG",Nucleus,"O15525 MAFG_HUMAN Transcription factor MafG O15525 V-maf musculoaponeurotic fibrosarcoma oncogene homolog G, hMAF ","nucleoplasm, nucleus",,http://zinc.docking.org/results/combination?filter.purchasability=purchasable&annotation.name=MAFG_HUMAN,https://cansarblack.icr.ac.uk/target/O15525/synopsis,,,,,,,,0,,0,-1.1,67,,,,,,,,,,
,O60675,MAFK,"Transcription factor MafK",,"MAFK_HUMAN, MAFK",Nucleus,"O60675 MAFK_HUMAN Transcription factor MafK O60675,A4D214 Erythroid transcription factor NF-E2 p18 subunit ","chromatin, nucleoplasm, nucleus",,http://zinc.docking.org/results/combination?filter.purchasability=purchasable&annotation.name=MAFK_HUMAN,https://cansarblack.icr.ac.uk/target/O60675/synopsis,,,,,,,,0,,0,-3,59,,,,,,,,,,
,P56270,MAZ,"Myc-associated zinc finger protein",,"MAZ_HUMAN, MAZ, ZNF801",Nucleus,"P56270 MAZ_HUMAN Myc-associated zinc finger protein P56270,A8QJL9,C6G496,G5E927,H3BQD6,Q15703,Q8NFN7,Q99443 Pur-1, Purine-binding transcription factor, Serum amyloid A-activating factor-1, Transcription factor Zif87, ZF87, Zinc finger protein 801 ZNF801",nucleus,,http://zinc.docking.org/results/combination?filter.purchasability=purchasable&annotation.name=MAZ_HUMAN,https://cansarblack.icr.ac.uk/target/P56270/synopsis,,,,,,,,0,,0,-3,59,,,,,,,,,,
,Q02078,MEF2A,"Myocyte-specific enhancer factor 2A",,"MEF2A_HUMAN, MEF2A, MEF2",Nucleus,"Q02078 MEF2A_HUMAN Myocyte-specific enhancer factor 2A Q02078,B4DFQ7,F6XG23,O43814,Q14223,Q14224,Q59GX4,Q7Z6C9,Q96D14 Serum response factor-like protein 1 MEF2","chromatin, cytosol, nucleoplasm, nucleus, transcription regulator complex",,http://zinc.docking.org/results/combination?filter.purchasability=purchasable&annotation.name=MEF2A_HUMAN,https://cansarblack.icr.ac.uk/target/Q02078/synopsis,,,,,,,,0,,0,-3,59,,,,,,,,,,
,Q14814,MEF2D,"Myocyte-specific enhancer factor 2D",,"MEF2D_HUMAN, MEF2D",Nucleus,"Q14814 MEF2D_HUMAN Myocyte-specific enhancer factor 2D Q14814,D3DVC0,Q14815,Q5T9U5,Q5T9U6  ","chromatin, cytoplasm, intracellular membrane-bounded organelle, nucleoplasm, nucleus",,http://zinc.docking.org/results/combination?filter.purchasability=purchasable&annotation.name=MEF2D_HUMAN,https://cansarblack.icr.ac.uk/target/Q14814/synopsis,,,,,,,,0,,0,0.05,80,,,,,,,,,,
,Q96H12,MSANTD3,"Myb/SANT-like DNA-binding domain-containing protein 3",,"MSD3_HUMAN, MSANTD3, C9orf30",,"Q96H12 MSD3_HUMAN Myb/SANT-like DNA-binding domain-containing protein 3 Q96H12,B2RC35,Q5T726,Q5T727,Q5T728  C9orf30",,,http://zinc.docking.org/results/combination?filter.purchasability=purchasable&annotation.name=MSD3_HUMAN,https://cansarblack.icr.ac.uk/target/Q96H12/synopsis,,,,,,,,0,,0,-3,59,,,,,,,,,,
,Q14872,MTF1,"Metal regulatory transcription factor 1",,"MTF1_HUMAN, MTF1","Nucleus, Cytoplasm","Q14872 MTF1_HUMAN Metal regulatory transcription factor 1 Q14872,B2RAK6,Q96CB1 MRE-binding transcription factor, Transcription factor MTF-1 ","cytoplasm, nucleoplasm, nucleus",,http://zinc.docking.org/results/combination?filter.purchasability=purchasable&annotation.name=MTF1_HUMAN,https://cansarblack.icr.ac.uk/target/Q14872/synopsis,,,,,,,,0,,0,-3,59,,,,,,,,,,
,Q14494,NFE2L1,"Endoplasmic reticulum membrane sensor NFE2L1",,"NF2L1_HUMAN, NFE2L1, HBZ17, NRF1, TCF11","Endoplasmic reticulum membrane, Endoplasmic reticulum membrane, Nucleus","Q14494 NF2L1_HUMAN Endoplasmic reticulum membrane sensor NFE2L1 Q14494,D3DTU3,D3DTU5,Q12877,Q96FN6 Locus control region-factor 1, Nuclear factor erythroid 2-related factor 1, Nuclear factor, erythroid derived 2, like 1, Protein NRF1, p120 form, Transcription factor 11 HBZ17, NRF1, TCF11","chromatin, cytosol, endoplasmic reticulum membrane, integral component of endoplasmic reticulum membrane, integral component of membrane, nucleoplasm, nucleus",,http://zinc.docking.org/results/combination?filter.purchasability=purchasable&annotation.name=NF2L1_HUMAN,https://cansarblack.icr.ac.uk/target/Q14494/synopsis,,,,,,,,0,,0,0.65,86,,,,,,,,,,
,Q16236,NFE2L2,"Nuclear factor erythroid 2-related factor 2",,"NF2L2_HUMAN, NFE2L2, NRF2","Cytoplasm, Cytosol, Nucleus","Q16236 NF2L2_HUMAN Nuclear factor erythroid 2-related factor 2 Q16236,B2RBU2,B4E338,E9PGJ7,Q53RW6,Q59HH2,Q96F71 HEBP1, Nuclear factor, erythroid derived 2, like 2 NRF2","centrosome, chromatin, cytoplasm, cytosol, golgi apparatus, nucleoplasm, nucleus, plasma membrane, protein-dna complex",,http://zinc.docking.org/results/combination?filter.purchasability=purchasable&annotation.name=NF2L2_HUMAN,https://cansarblack.icr.ac.uk/target/Q16236/synopsis,,,,,,,,0,,0,-0.4,75,,,,,,,,,,
,Q12857,NFIA,"Nuclear factor 1 A-type",,"NFIA_HUMAN, NFIA, KIAA1439",Nucleus,"Q12857 NFIA_HUMAN Nuclear factor 1 A-type Q12857,B4DRJ3,B4DS53,F5H0R0,F8W8W3,Q8TA97,Q9H3X9,Q9P2A9 CCAAT-box-binding transcription factor, Nuclear factor I/A, TGGCA-binding protein KIAA1439","cell junction, chromatin, nucleoplasm, nucleus",,http://zinc.docking.org/results/combination?filter.purchasability=purchasable&annotation.name=NFIA_HUMAN,https://cansarblack.icr.ac.uk/target/Q12857/synopsis,,,,,,,,0,,0,-1.8,60,,,,,,,,,,
,O00712,NFIB,"Nuclear factor 1 B-type",,"NFIB_HUMAN, NFIB",Nucleus,"O00712 NFIB_HUMAN Nuclear factor 1 B-type O00712,G3V1P1,H7BYE8,O00166,Q12858,Q5VW29,Q63HM5,Q6ZNF9,Q96J45 CCAAT-box-binding transcription factor, Nuclear factor I/B, TGGCA-binding protein ","cerebellar mossy fiber, chromatin, fibrillar center, nucleoplasm, nucleus",,http://zinc.docking.org/results/combination?filter.purchasability=purchasable&annotation.name=NFIB_HUMAN,https://cansarblack.icr.ac.uk/target/O00712/synopsis,,,,,,,,0,,0,-1.8,60,,,,,,,,,,
,P08651,NFIC,"Nuclear factor 1 C-type",,"NFIC_HUMAN, NFIC, NFI",Nucleus,"P08651 NFIC_HUMAN Nuclear factor 1 C-type P08651,A8K1H0,B7Z4U5,B7Z9C3,K7EMU1,P08652,Q14932,Q9UPJ3,Q9UPJ9,Q9UPK0,Q9UPK1 CCAAT-box-binding transcription factor, Nuclear factor I/C, TGGCA-binding protein NFI","chromatin, fibrillar center, nucleoplasm, nucleus",,http://zinc.docking.org/results/combination?filter.purchasability=purchasable&annotation.name=NFIC_HUMAN,https://cansarblack.icr.ac.uk/target/P08651/synopsis,,,,,,,,0,,0,-1.15,67,,,,,,,,,,
,P25208,NFYB,"Nuclear transcription factor Y subunit beta",,"NFYB_HUMAN, NFYB, HAP3",Nucleus,"P25208 NFYB_HUMAN Nuclear transcription factor Y subunit beta P25208,A8K7B9,Q96IY8 CAAT box DNA-binding protein subunit B, Nuclear transcription factor Y subunit B HAP3","ccaat-binding factor complex, chromatin, nucleoplasm, nucleus, protein-dna complex, rna polymerase ii transcription regulator complex",,http://zinc.docking.org/results/combination?filter.purchasability=purchasable&annotation.name=NFYB_HUMAN,https://cansarblack.icr.ac.uk/target/P25208/synopsis,,,,,,,,0,,0,-3,59,,,,,,,,,,
,Q99801,NKX3-1,"Homeobox protein Nkx-3.1",,"NKX31_HUMAN, NKX3-1, NKX3.1, NKX3A",Nucleus,"Q99801 NKX31_HUMAN Homeobox protein Nkx-3.1 Q99801,O15465,Q9H2P4,Q9H2P5,Q9H2P6,Q9H2P7,Q9HBG0 Homeobox protein NK-3 homolog A NKX3.1, NKX3A","chromatin, cytosol, nucleoplasm, nucleus, site of dna damage",,http://zinc.docking.org/results/combination?filter.purchasability=purchasable&annotation.name=NKX31_HUMAN,https://cansarblack.icr.ac.uk/target/Q99801/synopsis,,,,,,,,0,,0,-3,59,,,,,,,,,,
,P43354,NR4A2,"Nuclear receptor subfamily 4 group A member 2",,"NR4A2_HUMAN, NR4A2, NOT, NURR1, TINUR","Cytoplasm, Nucleus","P43354 NR4A2_HUMAN Nuclear receptor subfamily 4 group A member 2 P43354,Q16311,Q53RZ2,Q6NXU0 Immediate-early response protein NOT, Orphan nuclear receptor NURR1, Transcriptionally-inducible nuclear receptor NOT, NURR1, TINUR","chromatin, cytoplasm, nuclear speck, nucleoplasm, nucleus, protein-containing complex, transcription regulator complex",,http://zinc.docking.org/results/combination?filter.purchasability=purchasable&annotation.name=NR4A2_HUMAN,https://cansarblack.icr.ac.uk/target/P43354/synopsis,54.17|Q03181|PPARD|BEZAFIBRATE|Whole:::Protein,54.17|Q03181|PPARD|BEZAFIBRATE|Whole:::Protein,"54.17|Q03181|PPARD|BEZAFIBRATE|Whole:::Protein||41.67|P11473|VDR|ALFACALCIDOL,CALCIFEDIOL,CALCIFEDIOL,CALCIPOTRIENE,CALCITRIOL,CHOLECALCIFEROL,DIHYDROTACHYSTEROL,DOXERCALCIFEROL,ERGOCALCIFEROL,PARICALCITOL|Whole:::Protein",,,,,0,,0,1,90,,,,,,,,,,
,P78337,PITX1,"Pituitary homeobox 1",,"PITX1_HUMAN, PITX1, BFT, PTX1",Nucleus,"P78337 PITX1_HUMAN Pituitary homeobox 1 P78337,A8K3M0,D3DQB0,O14677,O60425,Q9BTI5 Hindlimb-expressed homeobox protein backfoot, Homeobox protein PITX1, Paired-like homeodomain transcription factor 1 BFT, PTX1","chromatin, cytoplasm, nucleus, transcription regulator complex",,http://zinc.docking.org/results/combination?filter.purchasability=purchasable&annotation.name=PITX1_HUMAN,https://cansarblack.icr.ac.uk/target/P78337/synopsis,,,,,,,,0,,0,-3,59,,,,,,,,,,
,P55347,PKNOX1,"Homeobox protein PKNOX1",,"PKNX1_HUMAN, PKNOX1, PREP1",Nucleus,"P55347 PKNX1_HUMAN Homeobox protein PKNOX1 P55347,O00528,Q8IWT7 Homeobox protein PREP-1, PBX/knotted homeobox 1 PREP1","chromatin, cytoplasm, nucleus, transcription regulator complex",,http://zinc.docking.org/results/combination?filter.purchasability=purchasable&annotation.name=PKNX1_HUMAN,https://cansarblack.icr.ac.uk/target/P55347/synopsis,,,,,,,,0,,0,-3,59,,,,,,,,,,
,Q9UM63,PLAGL1,"Zinc finger protein PLAGL1",,"PLAL1_HUMAN, PLAGL1, LOT1, ZAC",Nucleus,"Q9UM63 PLAL1_HUMAN Zinc finger protein PLAGL1 Q9UM63,B2RBA4,B2RCM8,E1P595,E1P597,O76019,Q7Z3V8,Q92981,Q96JR9,Q9UIZ0 Lost on transformation 1, Pleiomorphic adenoma-like protein 1, Tumor suppressor ZAC LOT1, ZAC","golgi apparatus, intracellular membrane-bounded organelle, nuclear body, nucleoplasm",,http://zinc.docking.org/results/combination?filter.purchasability=purchasable&annotation.name=PLAL1_HUMAN,https://cansarblack.icr.ac.uk/target/Q9UM63/synopsis,,,,,,,,0,,0,-3,59,,,,,,,,,,
,O75626,PRDM1,"PR domain zinc finger protein 1",2.1.1.-,"PRDM1_HUMAN, PRDM1, BLIMP1","Nucleus, Cytoplasm","O75626 PRDM1_HUMAN PR domain zinc finger protein 1 O75626,B2REA6,E1P5E0,Q86WM7 BLIMP-1, Beta-interferon gene positive regulatory domain I-binding factor, PR domain-containing protein 1, Positive regulatory domain I-binding factor 1 BLIMP1","cytoplasm, nucleoplasm, nucleus",,http://zinc.docking.org/results/combination?filter.purchasability=purchasable&annotation.name=PRDM1_HUMAN,https://cansarblack.icr.ac.uk/target/O75626/synopsis,,,,,,,,0,,0,-3,59,,,,,,,,,,
,P10276,RARA,"Retinoic acid receptor alpha",,"RARA_HUMAN, RARA, NR1B1","Nucleus, Cytoplasm","P10276 RARA_HUMAN Retinoic acid receptor alpha P10276,B8Y636,P78456,Q13440,Q13441,Q96S41,Q9NQS0 Nuclear receptor subfamily 1 group B member 1 NR1B1","actin cytoskeleton, cell surface, chromatin, cytoplasm, cytosol, nucleolus, nucleoplasm, nucleus, protein-containing complex",,http://zinc.docking.org/results/combination?filter.purchasability=purchasable&annotation.name=RARA_HUMAN,https://cansarblack.icr.ac.uk/target/P10276/synopsis,"100.00|P10276|RARA|ALITRETINOIN,ISOTRETINOIN,TRETINOIN|Whole:::Protein","100.00|P10276|RARA|ALITRETINOIN,ISOTRETINOIN,TRETINOIN|Whole:::Protein||83.84|P13631|RARG|ADAPALENE,ALITRETINOIN,BEXAROTENE,ETRETINATE,ISOTRETINOIN,TAZAROTENE,TRETINOIN,TRIFAROTENE|Whole:::Protein||82.12|P10826|RARB|ACITRETIN,ADAPALENE,ALITRETINOIN,BEXAROTENE,ETRETINATE,ISOTRETINOIN,TAZAROTENE,TRETINOIN|Whole:::Protein","100.00|P10276|RARA|ALITRETINOIN,ISOTRETINOIN,TRETINOIN|Whole:::Protein||83.84|P13631|RARG|ADAPALENE,ALITRETINOIN,BEXAROTENE,ETRETINATE,ISOTRETINOIN,TAZAROTENE,TRETINOIN,TRIFAROTENE|Whole:::Protein||82.12|P10826|RARB|ACITRETIN,ADAPALENE,ALITRETINOIN,BEXAROTENE,ETRETINATE,ISOTRETINOIN,TAZAROTENE,TRETINOIN|Whole:::Protein||37.46|P10827|THRA|DEXTROTHYROXINE,DEXTROTHYROXINE SODIUM,LEVOTHYROXINE,LEVOTHYROXINE SODIUM,LIOTHYRONINE,LIOTHYRONINE SODIUM|Whole:::Protein||37.36|P10828|THRB|DEXTROTHYROXINE,DEXTROTHYROXINE SODIUM,LEVOTHYROXINE,LEVOTHYROXINE SODIUM,LIOTHYRONINE,LIOTHYRONINE SODIUM|Whole:::Protein",,,,,0,,0,0.75,88,,,,,,,,,,
,P13631,RARG,"Retinoic acid receptor gamma",,"RARG_HUMAN, RARG, NR1B3","Nucleus, Cytoplasm","P13631 RARG_HUMAN Retinoic acid receptor gamma P13631,B7Z492,B7Z4F1,B7ZAE4,J3KNP6,P22932,Q15281,Q52LZ8,Q9BYX8,Q9H1I3,Q9UJ38 Nuclear receptor subfamily 1 group B member 3 NR1B3","chromatin, cytoplasm, integral component of membrane, nucleoplasm, nucleus, transcription regulator complex",,http://zinc.docking.org/results/combination?filter.purchasability=purchasable&annotation.name=RARG_HUMAN,https://cansarblack.icr.ac.uk/target/P13631/synopsis,"100.00|P13631|RARG|ADAPALENE,ALITRETINOIN,BEXAROTENE,ETRETINATE,ISOTRETINOIN,TAZAROTENE,TRETINOIN,TRIFAROTENE|Whole:::Protein","100.00|P13631|RARG|ADAPALENE,ALITRETINOIN,BEXAROTENE,ETRETINATE,ISOTRETINOIN,TAZAROTENE,TRETINOIN,TRIFAROTENE|Whole:::Protein||85.91|P10826|RARB|ACITRETIN,ADAPALENE,ALITRETINOIN,BEXAROTENE,ETRETINATE,ISOTRETINOIN,TAZAROTENE,TRETINOIN|Whole:::Protein||83.84|P10276|RARA|ALITRETINOIN,ISOTRETINOIN,TRETINOIN|Whole:::Protein","100.00|P13631|RARG|ADAPALENE,ALITRETINOIN,BEXAROTENE,ETRETINATE,ISOTRETINOIN,TAZAROTENE,TRETINOIN,TRIFAROTENE|Whole:::Protein||85.91|P10826|RARB|ACITRETIN,ADAPALENE,ALITRETINOIN,BEXAROTENE,ETRETINATE,ISOTRETINOIN,TAZAROTENE,TRETINOIN|Whole:::Protein||83.84|P10276|RARA|ALITRETINOIN,ISOTRETINOIN,TRETINOIN|Whole:::Protein||36.86|P10827|THRA|DEXTROTHYROXINE,DEXTROTHYROXINE SODIUM,LEVOTHYROXINE,LEVOTHYROXINE SODIUM,LIOTHYRONINE,LIOTHYRONINE SODIUM|Whole:::Protein||35.69|P10828|THRB|DEXTROTHYROXINE,DEXTROTHYROXINE SODIUM,LEVOTHYROXINE,LEVOTHYROXINE SODIUM,LIOTHYRONINE,LIOTHYRONINE SODIUM|Whole:::Protein",,,,,0,,0,0.8,88,,,,,,,,,,
,Q06330,RBPJ,"Recombining binding protein suppressor of hairless",,"SUH_HUMAN, RBPJ, IGKJRB, IGKJRB1, RBPJK, RBPSUH","Nucleus, Cytoplasm","Q06330 SUH_HUMAN Recombining binding protein suppressor of hairless Q06330,B4DY22,Q5XKH9,Q6P1N3 CBF-1, J kappa-recombination signal-binding protein, RBP-J kappa, Renal carcinoma antigen NY-REN-30 IGKJRB, IGKJRB1, RBPJK, RBPSUH","chromatin, cytoplasm, maml1-rbp-jkappa- icn1 complex, nucleolus, nucleoplasm, nucleus, transcription repressor complex",,http://zinc.docking.org/results/combination?filter.purchasability=purchasable&annotation.name=SUH_HUMAN,https://cansarblack.icr.ac.uk/target/Q06330/synopsis,,,,,,,,0,,0,-3,59,,,,,,,,,,
,Q01201,RELB,"Transcription factor RelB",,"RELB_HUMAN, RELB","Nucleus, Cytoplasm, Cytoskeleton, Microtubule organizing center, Centrosome","Q01201 RELB_HUMAN Transcription factor RelB Q01201,Q6GTX7,Q9UEI7 I-Rel ","chromatin, cytosol, microtubule organizing center, nucleoplasm, nucleus, protein-containing complex, transcription repressor complex",,http://zinc.docking.org/results/combination?filter.purchasability=purchasable&annotation.name=RELB_HUMAN,https://cansarblack.icr.ac.uk/target/Q01201/synopsis,,,,,,,,0,,0,-3,59,,,,,,,,,,
,Q13127,REST,"RE1-silencing transcription factor",,"REST_HUMAN, REST, NRSF, XBR","Nucleus, Cytoplasm, Cytoplasm, Nucleus, Cytoplasm","Q13127 REST_HUMAN RE1-silencing transcription factor Q13127,A2RUE0,B9EGJ0,Q12956,Q12957,Q13134,Q59ER1,Q8IWI3 Neural-restrictive silencer factor, X2 box repressor NRSF, XBR","cytoplasm, cytosol, nucleoplasm, nucleus, transcription repressor complex",,http://zinc.docking.org/results/combination?filter.purchasability=purchasable&annotation.name=REST_HUMAN,https://cansarblack.icr.ac.uk/target/Q13127/synopsis,,,,,,,,0,,0,-3,59,,,,,,,,,,
,P22670,RFX1,"MHC class II regulatory factor RFX1",,"RFX1_HUMAN, RFX1",Nucleus,"P22670 RFX1_HUMAN MHC class II regulatory factor RFX1 P22670 Enhancer factor C, Regulatory factor X 1, Transcription factor RFX1 ","chromatin, intracellular membrane-bounded organelle, nucleoplasm",,http://zinc.docking.org/results/combination?filter.purchasability=purchasable&annotation.name=RFX1_HUMAN,https://cansarblack.icr.ac.uk/target/P22670/synopsis,,,,,,,,0,,0,-3,59,,,,,,,,,,
,P48380,RFX3,"Transcription factor RFX3",,"RFX3_HUMAN, RFX3",Nucleus,"P48380 RFX3_HUMAN Transcription factor RFX3 P48380,A8K0H5,D3DRH8,D3DRH9,Q5JTL7,Q5JTL8,Q6NW13,Q8WTU4,Q95HL5,Q95HL6 Regulatory factor X 3 ","chromatin, extracellular region, nucleus, transcription regulator complex",,http://zinc.docking.org/results/combination?filter.purchasability=purchasable&annotation.name=RFX3_HUMAN,https://cansarblack.icr.ac.uk/target/P48380/synopsis,,,,,,,,0,,0,-3,59,,,,,,,,,,
,Q92766,RREB1,"Ras-responsive element-binding protein 1",,"RREB1_HUMAN, RREB1, FINB","Nucleus speckle","Q92766 RREB1_HUMAN Ras-responsive element-binding protein 1 Q92766,A2RRF5,E2GM80,E2GM81,O75567,O75568,Q5VYB2,Q6BEP5,Q6BEP6,Q6BEP8,Q86SU2,Q9Y474 Finger protein in nuclear bodies, Raf-responsive zinc finger protein LZ321, Zinc finger motif enhancer-binding protein 1 FINB","cytoplasm, extracellular exosome, fibrillar center, nuclear body, nuclear speck, nucleus",,http://zinc.docking.org/results/combination?filter.purchasability=purchasable&annotation.name=RREB1_HUMAN,https://cansarblack.icr.ac.uk/target/Q92766/synopsis,,,,,,,,0,,0,-3,59,,,,,,,,,,
,P19793,RXRA,"Retinoic acid receptor RXR-alpha",,"RXRA_HUMAN, RXRA, NR2B1","Nucleus, Cytoplasm, Mitochondrion","P19793 RXRA_HUMAN Retinoic acid receptor RXR-alpha P19793,B3KY83,Q2NL52,Q2V504 Nuclear receptor subfamily 2 group B member 1, Retinoid X receptor alpha NR2B1","chromatin, cytosol, mitochondrion, nucleoplasm, nucleus, receptor complex, rna polymerase ii transcription regulator complex",,http://zinc.docking.org/results/combination?filter.purchasability=purchasable&annotation.name=RXRA_HUMAN,https://cansarblack.icr.ac.uk/target/P19793/synopsis,"100.00|P19793|RXRA|ALITRETINOIN,BEXAROTENE,DANTHRON|Whole:::Protein","100.00|P19793|RXRA|ALITRETINOIN,BEXAROTENE,DANTHRON|Whole:::Protein||75.62|P28702|RXRB|ALITRETINOIN,BEXAROTENE|Whole:::Protein||72.99|P48443|RXRG|ALITRETINOIN,BEXAROTENE|Whole:::Protein","100.00|P19793|RXRA|ALITRETINOIN,BEXAROTENE,DANTHRON|Whole:::Protein||75.62|P28702|RXRB|ALITRETINOIN,BEXAROTENE|Whole:::Protein||72.99|P48443|RXRG|ALITRETINOIN,BEXAROTENE|Whole:::Protein||43.03|P41235|HNF4A|ALVERINE,ALVERINE CITRATE|Whole:::Protein||40.59|P11473|VDR|ALFACALCIDOL,CALCIFEDIOL,CALCIFEDIOL,CALCIPOTRIENE,CALCITRIOL,CHOLECALCIFEROL,DIHYDROTACHYSTEROL,DOXERCALCIFEROL,ERGOCALCIFEROL,PARICALCITOL|Whole:::Protein",,,,,0,,0,0.9,89,,,,,,,,,,
,Q15796,SMAD2,"Mothers against decapentaplegic homolog 2",,"SMAD2_HUMAN, SMAD2, MADH2, MADR2","Cytoplasm, Nucleus","Q15796 SMAD2_HUMAN Mothers against decapentaplegic homolog 2 Q15796 JV18-1, Mad-related protein 2, SMAD family member 2 MADH2, MADR2","activin responsive factor complex, chromatin, cytoplasm, cytosol, heteromeric smad protein complex, nucleoplasm, nucleus, protein-containing complex, smad protein complex, transcription regulator complex",,http://zinc.docking.org/results/combination?filter.purchasability=purchasable&annotation.name=SMAD2_HUMAN,https://cansarblack.icr.ac.uk/target/Q15796/synopsis,,,,,,,,0,,0,-3,59,,,,,,,,,,
,P84022,SMAD3,"Mothers against decapentaplegic homolog 3",,"SMAD3_HUMAN, SMAD3, MADH3","Cytoplasm, Nucleus","P84022 SMAD3_HUMAN Mothers against decapentaplegic homolog 3 P84022,A8K4B6,B7Z4Z5,B7Z6M9,B7Z9Q2,F5H383,O09064,O09144,O14510,O35273,Q92940,Q93002,Q9GKR4 JV15-2, SMAD family member 3 MADH3","chromatin, cytoplasm, cytosol, heteromeric smad protein complex, nuclear inner membrane, nucleoplasm, nucleus, plasma membrane, receptor complex, smad protein complex, transcription regulator complex",,http://zinc.docking.org/results/combination?filter.purchasability=purchasable&annotation.name=SMAD3_HUMAN,https://cansarblack.icr.ac.uk/target/P84022/synopsis,,,,,,,,0,,0,-3,59,,,,,,,,,,
,Q13485,SMAD4,"Mothers against decapentaplegic homolog 4",,"SMAD4_HUMAN, SMAD4, DPC4, MADH4","Cytoplasm, Nucleus","Q13485 SMAD4_HUMAN Mothers against decapentaplegic homolog 4 Q13485,A8K405 Deletion target in pancreatic carcinoma 4, SMAD family member 4 DPC4, MADH4","activin responsive factor complex, centrosome, chromatin, cytoplasm, cytosol, heteromeric smad protein complex, nucleoplasm, nucleus, smad protein complex, transcription regulator complex",,http://zinc.docking.org/results/combination?filter.purchasability=purchasable&annotation.name=SMAD4_HUMAN,https://cansarblack.icr.ac.uk/target/Q13485/synopsis,,,,,,,,0,,0,-3,59,,,,,,,,,,
,P08047,SP1,"Transcription factor Sp1",,"SP1_HUMAN, SP1, TSFP1","Nucleus, Cytoplasm","P08047 SP1_HUMAN Transcription factor Sp1 P08047,E4Z9M7,G5E9M8,Q86TN8,Q9H3Q5,Q9NR51,Q9NY21,Q9NYE7  TSFP1","chromatin, cytoplasm, euchromatin, nucleoplasm, nucleus, protein-dna complex, transcription repressor complex",,http://zinc.docking.org/results/combination?filter.purchasability=purchasable&annotation.name=SP1_HUMAN,https://cansarblack.icr.ac.uk/target/P08047/synopsis,,,,,,,,0,,0,-3,59,,,,,,,,,,
,Q02086,SP2,"Transcription factor Sp2",,"SP2_HUMAN, SP2, KIAA0048",Nucleus,"Q02086 SP2_HUMAN Transcription factor Sp2 Q02086,A6NK74  KIAA0048","chromatin, nucleoplasm",,http://zinc.docking.org/results/combination?filter.purchasability=purchasable&annotation.name=SP2_HUMAN,https://cansarblack.icr.ac.uk/target/Q02086/synopsis,,,,,,,,0,,0,-3,59,,,,,,,,,,
,Q02447,SP3,"Transcription factor Sp3",,"SP3_HUMAN, SP3","Nucleus, Nucleus, PML body","Q02447 SP3_HUMAN Transcription factor Sp3 Q02447,A0AVL9,B4E2B7,Q69B26,Q69B27,Q8TD56,Q8WWU4,Q9BQR1 SPR-2 ","chromatin, nucleoplasm, nucleus, pml body, protein-dna complex, transcription repressor complex",,http://zinc.docking.org/results/combination?filter.purchasability=purchasable&annotation.name=SP3_HUMAN,https://cansarblack.icr.ac.uk/target/Q02447/synopsis,,,,,,,,0,,0,-0.4,75,,,,,,,,,,
,P36956,SREBF1,"Sterol regulatory element-binding protein 1",,"SRBP1_HUMAN, SREBF1, BHLHD1, SREBP1","Endoplasmic reticulum membrane, Golgi apparatus membrane, Cytoplasmic vesicle, COPII-coated vesicle membrane, Nucleus, Nucleus, Nucleus","P36956 SRBP1_HUMAN Sterol regulatory element-binding protein 1 P36956,B0I4X3,B0I4X4,D3DXC4,Q16062,Q59F52,Q6P4R7,Q6PFW7,Q6PJ36,Q8TAK9 Class D basic helix-loop-helix protein 1, Sterol regulatory element-binding transcription factor 1 BHLHD1, SREBP1","chromatin, cytoplasm, cytosol, endoplasmic reticulum, endoplasmic reticulum membrane, er to golgi transport vesicle membrane, golgi membrane, integral component of membrane, nuclear envelope, nucleoplasm, nucleus, protein-containing complex",,http://zinc.docking.org/results/combination?filter.purchasability=purchasable&annotation.name=SRBP1_HUMAN,https://cansarblack.icr.ac.uk/target/P36956/synopsis,,,,,,,,0,,0,-3,59,,,,,,,,,,
,Q12772,SREBF2,"Sterol regulatory element-binding protein 2",,"SRBP2_HUMAN, SREBF2, BHLHD2, SREBP2","Endoplasmic reticulum membrane, Golgi apparatus membrane, Cytoplasmic vesicle, COPII-coated vesicle membrane, Nucleus","Q12772 SRBP2_HUMAN Sterol regulatory element-binding protein 2 Q12772,Q05BD5,Q6GTH7,Q86V36,Q9UH04 Class D basic helix-loop-helix protein 2, Sterol regulatory element-binding transcription factor 2 BHLHD2, SREBP2","chromatin, cytoplasm, cytosol, endoplasmic reticulum, endoplasmic reticulum membrane, er to golgi transport vesicle membrane, golgi membrane, intracellular membrane-bounded organelle, nucleoplasm, nucleus, srebp-scap-insig complex",,http://zinc.docking.org/results/combination?filter.purchasability=purchasable&annotation.name=SRBP2_HUMAN,https://cansarblack.icr.ac.uk/target/Q12772/synopsis,,,,,,,,0,,0,0.85,89,,,,,,,,,,
,P42224,STAT1,"Signal transducer and activator of transcription 1-alpha/beta",,"STAT1_HUMAN, STAT1","Cytoplasm, Nucleus","P42224 STAT1_HUMAN Signal transducer and activator of transcription 1-alpha/beta P42224,A8K989,B2RCA0,D2KFR8,D3DPI7,Q53S88,Q53XW4,Q68D00,Q9UDL5 Transcription factor ISGF-3 components p91/p84 ","axon, chromatin, cytoplasm, cytosol, dendrite, nucleolus, nucleoplasm, nucleus, perinuclear region of cytoplasm, protein-containing complex",,http://zinc.docking.org/results/combination?filter.purchasability=purchasable&annotation.name=STAT1_HUMAN,https://cansarblack.icr.ac.uk/target/P42224/synopsis,,,,,,,,0,,0,0.4,84,,,,,,,,,,
,P52630,STAT2,"Signal transducer and activator of transcription 2",,"STAT2_HUMAN, STAT2","Cytoplasm, Nucleus","P52630 STAT2_HUMAN Signal transducer and activator of transcription 2 P52630,B4DLC7,G3V2M6,Q16430,Q16431,Q9UDL4 p113 ","chromatin, cytosol, nucleoplasm, plasma membrane",,http://zinc.docking.org/results/combination?filter.purchasability=purchasable&annotation.name=STAT2_HUMAN,https://cansarblack.icr.ac.uk/target/P52630/synopsis,,,,,,,,0,,0,-1.65,62,,,,,,,,,,
,P15923,TCF3,"Transcription factor E2-alpha",,"TFE2_HUMAN, TCF3, BHLHB21, E2A, ITF1",Nucleus,"P15923 TFE2_HUMAN Transcription factor E2-alpha P15923,P15883,Q14208,Q14635,Q14636,Q2TB39,Q2TB40,Q9UPI9 Class B basic helix-loop-helix protein 21, Immunoglobulin enhancer-binding factor E12/E47, Immunoglobulin transcription factor 1, Kappa-E2-binding factor, Transcription factor 3, Transcription factor ITF-1 BHLHB21, E2A, ITF1","chromatin, cytoplasm, euchromatin, nucleoplasm, nucleus, protein-containing complex, rna polymerase ii transcription regulator complex, transcription regulator complex",,http://zinc.docking.org/results/combination?filter.purchasability=purchasable&annotation.name=TFE2_HUMAN,https://cansarblack.icr.ac.uk/target/P15923/synopsis,,,,,,,,0,,0,-3,59,,,,,,,,,,
,P15884,TCF4,"Transcription factor 4",,"ITF2_HUMAN, TCF4, BHLHB19, ITF2, SEF2",Nucleus,"P15884 ITF2_HUMAN Transcription factor 4 P15884,B3KT62,B3KUC0,B4DT37,B4DUG3,B7Z5M6,B7Z6Y1,G0LNT9,G0LNU0,G0LNU1,G0LNU2,G0LNU4,G0LNU5,G0LNU8,G0LNU9,G0LNV0,G0LNV1,G0LNV2,H3BPQ1,Q08AP2,Q08AP3,Q15439,Q15440,Q15441 Class B basic helix-loop-helix protein 19, Immunoglobulin transcription factor 2, SL3-3 enhancer factor 2 BHLHB19, ITF2, SEF2","beta-catenin-tcf complex, beta-catenin-tcf7l2 complex, chromatin, nucleus, transcription regulator complex",,http://zinc.docking.org/results/combination?filter.purchasability=purchasable&annotation.name=ITF2_HUMAN,https://cansarblack.icr.ac.uk/target/P15884/synopsis,,,,,,,,0,,0,-3,59,,,,,,,,,,
,Q15562,TEAD2,"Transcriptional enhancer factor TEF-4",,"TEAD2_HUMAN, TEAD2, TEF4",Nucleus,"Q15562 TEAD2_HUMAN Transcriptional enhancer factor TEF-4 Q15562,B4DTJ6,M0R1T9,Q8NA25,Q96IG3 TEA domain family member 2 TEF4","chromatin, cytosol, intracellular membrane-bounded organelle, nucleoplasm, nucleus, tead-yap complex, transcription regulator complex",,http://zinc.docking.org/results/combination?filter.purchasability=purchasable&annotation.name=TEAD2_HUMAN,https://cansarblack.icr.ac.uk/target/Q15562/synopsis,,,,,,,,0,,0,-3,59,,,,,,,,,,
,P05549,TFAP2A,"Transcription factor AP-2-alpha",,"AP2A_HUMAN, TFAP2A, AP2TF, TFAP2",Nucleus,"P05549 AP2A_HUMAN Transcription factor AP-2-alpha P05549,Q13777,Q5TAV5,Q8N1C6 AP-2 transcription factor, Activating enhancer-binding protein 2-alpha, Activator protein 2 AP2TF, TFAP2","chromatin, nucleoplasm, nucleus",,http://zinc.docking.org/results/combination?filter.purchasability=purchasable&annotation.name=AP2A_HUMAN,https://cansarblack.icr.ac.uk/target/P05549/synopsis,,,,,,,,0,,0,-3,59,,,,,,,,,,
,Q96EK4,THAP11,"THAP domain-containing protein 11",,"THA11_HUMAN, THAP11","Nucleus, Cytoplasm","Q96EK4 THA11_HUMAN THAP domain-containing protein 11 Q96EK4,A4UCT5,A8K002,O94795  ","chromatin, cytosol, nucleoplasm",,http://zinc.docking.org/results/combination?filter.purchasability=purchasable&annotation.name=THA11_HUMAN,https://cansarblack.icr.ac.uk/target/Q96EK4/synopsis,,,,,,,,0,,0,-3,59,,,,,,,,,,
,P11473,VDR,"Vitamin D3 receptor",,"VDR_HUMAN, VDR, NR1I1","Nucleus, Cytoplasm","P11473 VDR_HUMAN Vitamin D3 receptor P11473,B2R5Q1,G3V1V9,Q5PSV3 1,25-dihydroxyvitamin D3 receptor, Nuclear receptor subfamily 1 group I member 1 NR1I1","chromatin, cytosol, nucleoplasm, nucleus, receptor complex, rna polymerase ii transcription regulator complex",,http://zinc.docking.org/results/combination?filter.purchasability=purchasable&annotation.name=VDR_HUMAN,https://cansarblack.icr.ac.uk/target/P11473/synopsis,"100.00|P11473|VDR|ALFACALCIDOL,CALCIFEDIOL,CALCIFEDIOL,CALCIPOTRIENE,CALCITRIOL,CHOLECALCIFEROL,DIHYDROTACHYSTEROL,DOXERCALCIFEROL,ERGOCALCIFEROL,PARICALCITOL|Whole:::Protein","100.00|P11473|VDR|ALFACALCIDOL,CALCIFEDIOL,CALCIFEDIOL,CALCIPOTRIENE,CALCITRIOL,CHOLECALCIFEROL,DIHYDROTACHYSTEROL,DOXERCALCIFEROL,ERGOCALCIFEROL,PARICALCITOL|Whole:::Protein","100.00|P11473|VDR|ALFACALCIDOL,CALCIFEDIOL,CALCIFEDIOL,CALCIPOTRIENE,CALCITRIOL,CHOLECALCIFEROL,DIHYDROTACHYSTEROL,DOXERCALCIFEROL,ERGOCALCIFEROL,PARICALCITOL|Whole:::Protein||48.48|Q03181|PPARD|BEZAFIBRATE|Whole:::Protein||45.83|P48443|RXRG|ALITRETINOIN,BEXAROTENE|Whole:::Protein||42.06|P41235|HNF4A|ALVERINE,ALVERINE CITRATE|Whole:::Protein||42.03|P06401|PGR|ALLYLESTRENOL,CHLORMADINONE ACETATE,DROSPIRENONE,CYPROTERONE ACETATE,DANAZOL,DESOGESTREL,DYDROGESTERONE,ETONOGESTREL,ETHYNODIOL DIACETATE,HYDROXYPROGESTERONE CAPROATE,LEVONORGESTREL,MEDROXYPROGESTERONE ACETATE,MEGESTROL ACETATE,MIFEPRISTONE,NORELGESTROMIN,NORETHINDRONE,NORETHINDRONE ACETATE,NORETHYNODREL,NORGESTIMATE,NORGESTREL,ONAPRISTONE,PROGESTERONE,SEGESTERONE ACETATE,ULIPRISTAL,ULIPRISTAL ACETATE|Whole:::Protein||41.98|Q92731|ESR2|ALLYLESTRENOL,BAZEDOXIFENE,BAZEDOXIFENE ACETATE,CHLOROTRIANISENE,CYCLOFENIL,ESTRAMUSTINE PHOSPHATE SODIUM,ESTRAMUSTINE PHOSPHATE,ESTRIOL,ESTROPIPATE,FULVESTRANT,LASOFOXIFENE,OSPEMIFENE,RALOXIFENE,RALOXIFENE HYDROCHLORIDE,TOREMIFENE,TOREMIFENE CITRATE|Whole:::Protein||41.67|P28702|RXRB|ALITRETINOIN,BEXAROTENE|Whole:::Protein||40.59|P19793|RXRA|ALITRETINOIN,BEXAROTENE,DANTHRON|Whole:::Protein||39.68|P10827|THRA|DEXTROTHYROXINE,DEXTROTHYROXINE SODIUM,LEVOTHYROXINE,LEVOTHYROXINE SODIUM,LIOTHYRONINE,LIOTHYRONINE SODIUM|Whole:::Protein||37.19|P37231|PPARG|BALSALAZIDE,BALSALAZIDE DISODIUM,BEZAFIBRATE,MESALAMINE,OLSALAZINE,OLSALAZINE SODIUM,PIOGLITAZONE,PIOGLITAZONE HYDROCHLORIDE,ROSIGLITAZONE,ROSIGLITAZONE MALEATE,TROGLITAZONE|Whole:::Protein||37.04|P04150|NR3C1|ALCLOMETASONE DIPROPIONATE,AMCINONIDE,BECLOMETHASONE DIPROPIONATE,BETAMETHASONE,BETAMETHASONE VALERATE,BETAMETHASONE SODIUM PHOSPHATE,BETAMETHASONE PHOSPHORIC ACID,BETAMETHASONE DIPROPIONATE,BETAMETHASONE BENZOATE,BETAMETHASONE ACETATE,BUDESONIDE,CICLESONIDE,CLOBETASOL PROPIONATE,CLOCORTOLONE PIVALATE,CORTISONE ACETATE,CORTIVAZOL,CYPROTERONE ACETATE,DEFLAZACORT,DESONIDE,DESOXIMETASONE,DESOXYCORTICOSTERONE PIVALATE,DESOXYCORTICOSTERONE ACETATE,DEXAMETHASONE,DEXAMETHASONE ACETATE,DEXAMETHASONE PHOSPHORIC ACID,DEXAMETHASONE SODIUM PHOSPHATE,DIFLORASONE DIACETATE,DIFLUPREDNATE,FLUMETHASONE PIVALATE,FLUNISOLIDE,FLUOCINOLONE ACETONIDE,FLUOCINONIDE,FLUOROMETHOLONE,FLUOROMETHOLONE ACETATE,FLUPREDNISOLONE,FLURANDRENOLIDE,FLUTICASONE PROPIONATE,FLUTICASONE FUROATE,HALCINONIDE,HALOBETASOL PROPIONATE,HYDROCORTAMATE,HYDROCORTAMATE HYDROCHLORIDE,HYDROCORTISONE,HYDROCORTISONE VALERATE,HYDROCORTISONE SODIUM SUCCINATE,HYDROCORTISONE SODIUM PHOSPHATE,HYDROCORTISONE PROBUTATE,HYDROCORTISONE PHOSPHORIC ACID,HYDROCORTISONE HEMISUCCINATE,HYDROCORTISONE HEMISUCCINATE,HYDROCORTISONE CYPIONATE,HYDROCORTISONE BUTYRATE,HYDROCORTISONE ACETATE,LOTEPREDNOL ETABONATE,MEDRYSONE,MEPREDNISONE,METHYLPREDNISOLONE,METHYLPREDNISOLONE SODIUM SUCCINATE,METHYLPREDNISOLONE HEMISUCCINATE,METHYLPREDNISOLONE ACETATE,METHYLPREDNISOLONE ACEPONATE,MIFEPRISTONE,PARAMETHASONE ACETATE,MOMETASONE FUROATE,PREDNICARBATE,PREDNISOLONE,PREDNISOLONE TEBUTATE,PREDNISOLONE STEAGLATE,PREDNISOLONE SODIUM PHOSPHATE,PREDNISOLONE PHOSPHORIC ACID,PREDNISOLONE ACETATE,PREDNISONE,RIMEXOLONE,TRIAMCINOLONE,TRIAMCINOLONE HEXACETONIDE,TRIAMCINOLONE DIACETATE,TRIAMCINOLONE ACETONIDE|Whole:::Protein||36.50|P10828|THRB|DEXTROTHYROXINE,DEXTROTHYROXINE SODIUM,LEVOTHYROXINE,LEVOTHYROXINE SODIUM,LIOTHYRONINE,LIOTHYRONINE SODIUM|Whole:::Protein||35.17|Q96RI1|NR1H4|CHENODIOL,CHENODIOL,OBETICHOLIC ACID,URSODIOL,URSODIOL|Whole:::Protein",,,,,0,,0,1.95,97,,,,,,,,,,
,Q14119,VEZF1,"Vascular endothelial zinc finger 1",,"VEZF1_HUMAN, VEZF1, DB1, ZNF161",Nucleus,"Q14119 VEZF1_HUMAN Vascular endothelial zinc finger 1 Q14119 Putative transcription factor DB1, Zinc finger protein 161 DB1, ZNF161","nucleoplasm, nucleus",,http://zinc.docking.org/results/combination?filter.purchasability=purchasable&annotation.name=VEZF1_HUMAN,https://cansarblack.icr.ac.uk/target/Q14119/synopsis,,,,,,,,0,,0,-3,59,,,,,,,,,,
,Q15916,ZBTB6,"Zinc finger and BTB domain-containing protein 6",,"ZBTB6_HUMAN, ZBTB6, ZID, ZNF482",Nucleus,"Q15916 ZBTB6_HUMAN Zinc finger and BTB domain-containing protein 6 Q15916,A8K8N6 Zinc finger protein 482, Zinc finger protein with interaction domain ZID, ZNF482","mitochondrion, nucleoplasm, nucleus",,http://zinc.docking.org/results/combination?filter.purchasability=purchasable&annotation.name=ZBTB6_HUMAN,https://cansarblack.icr.ac.uk/target/Q15916/synopsis,,,,,,,,0,,0,-3,59,,,,,,,,,,
,O95365,ZBTB7A,"Zinc finger and BTB domain-containing protein 7A",,"ZBT7A_HUMAN, ZBTB7A, FBI1, LRF, ZBTB7, ZNF857A",Nucleus,"O95365 ZBT7A_HUMAN Zinc finger and BTB domain-containing protein 7A O95365,D6W619,O00456,Q14D41,Q5XG86 Factor binding IST protein 1, Factor that binds to inducer of short transcripts protein 1, HIV-1 1st-binding protein 1, Leukemia/lymphoma-related factor, POZ and Krueppel erythroid myeloid ontogenic factor, TTF-I-interacting peptide 21, Zinc finger protein 857A FBI1, LRF, ZBTB7, ZNF857A","cytoplasm, dna-dependent protein kinase complex, nucleus, site of double-strand break",,http://zinc.docking.org/results/combination?filter.purchasability=purchasable&annotation.name=ZBT7A_HUMAN,https://cansarblack.icr.ac.uk/target/O95365/synopsis,"29.84|Q14145|KEAP1|DIMETHYL FUMARATE,DIROXIMEL FUMARATE,MONOMETHYL FUMARATE|Whole:::Protein",,,,,,,0,,0,-3,59,,,,,,,,,,
,P37275,ZEB1,"Zinc finger E-box-binding homeobox 1",,"ZEB1_HUMAN, ZEB1, AREB6, TCF8",Nucleus,"P37275 ZEB1_HUMAN Zinc finger E-box-binding homeobox 1 P37275,B4DJV0,B4DUW9,E9PCM7,F5H4I8,Q12924,Q13800,Q2KJ05,Q5T968,Q5VZ84,Q8NB68 NIL-2-A zinc finger protein, Negative regulator of IL2, Transcription factor 8 AREB6, TCF8","chromatin, cytosol, nucleoplasm, nucleus",,http://zinc.docking.org/results/combination?filter.purchasability=purchasable&annotation.name=ZEB1_HUMAN,https://cansarblack.icr.ac.uk/target/P37275/synopsis,,,,,,,,0,,0,1.1,91,,,,,,,,,,
,P17010,ZFX,"Zinc finger X-chromosomal protein",,"ZFX_HUMAN, ZFX",Nucleus,"P17010 ZFX_HUMAN Zinc finger X-chromosomal protein P17010,B9EG97,O43668,Q8WYJ8  ","chromosome, nucleolus, nucleoplasm",,http://zinc.docking.org/results/combination?filter.purchasability=purchasable&annotation.name=ZFX_HUMAN,https://cansarblack.icr.ac.uk/target/P17010/synopsis,,,,,,,,0,,0,-3,59,,,,,,,,,,
,Q9Y2L8,ZKSCAN5,"Zinc finger protein with KRAB and SCAN domains 5",,"ZKSC5_HUMAN, ZKSCAN5, KIAA1015, ZFP95",Nucleus,"Q9Y2L8 ZKSC5_HUMAN Zinc finger protein with KRAB and SCAN domains 5 Q9Y2L8,A4D280,D6W5S9 Zinc finger protein 95 homolog KIAA1015, ZFP95",nucleus,,http://zinc.docking.org/results/combination?filter.purchasability=purchasable&annotation.name=ZKSC5_HUMAN,https://cansarblack.icr.ac.uk/target/Q9Y2L8/synopsis,,,,,,,,0,,0,-3,59,,,,,,,,,,
,P52747,ZNF143,"Zinc finger protein 143",,"ZN143_HUMAN, ZNF143, SBF, STAF",Nucleus,"P52747 ZN143_HUMAN Zinc finger protein 143 P52747,A8K518,B4DLY5,E7ER34,O75559,Q8WUK9 SPH-binding factor, Selenocysteine tRNA gene transcription-activating factor SBF, STAF",nucleoplasm,,http://zinc.docking.org/results/combination?filter.purchasability=purchasable&annotation.name=ZN143_HUMAN,https://cansarblack.icr.ac.uk/target/P52747/synopsis,,,,,,,,0,,0,-3,59,,,,,,,,,,
,Q9UQR1,ZNF148,"Zinc finger protein 148",,"ZN148_HUMAN, ZNF148, ZBP89",Nucleus,"Q9UQR1 ZN148_HUMAN Zinc finger protein 148 Q9UQR1,D3DN27,O00389,O43591,Q58EY5,Q6PJ98 Transcription factor ZBP-89, Zinc finger DNA-binding protein 89 ZBP89","golgi apparatus, nucleoplasm",,http://zinc.docking.org/results/combination?filter.purchasability=purchasable&annotation.name=ZN148_HUMAN,https://cansarblack.icr.ac.uk/target/Q9UQR1/synopsis,,,,,,,,0,,0,-3,59,,,,,,,,,,
,P17020,ZNF16,"Zinc finger protein 16",,"ZNF16_HUMAN, ZNF16, HZF1, KOX9",Nucleus,"P17020 ZNF16_HUMAN Zinc finger protein 16 P17020,B3KXM4,D3DWP2,Q45SH7,Q96FG0,Q9NRA4 Zinc finger protein KOX9 HZF1, KOX9","nucleolus, nucleoplasm, nucleus",,http://zinc.docking.org/results/combination?filter.purchasability=purchasable&annotation.name=ZNF16_HUMAN,https://cansarblack.icr.ac.uk/target/P17020/synopsis,,,,,,,,0,,0,-3,59,,,,,,,,,,
,O14978,ZNF263,"Zinc finger protein 263",,"ZN263_HUMAN, ZNF263, FPM315, ZKSCAN12",Nucleus,"O14978 ZN263_HUMAN Zinc finger protein 263 O14978,B2R634,O43387,Q96H95 Zinc finger protein FPM315, Zinc finger protein with KRAB and SCAN domains 12 FPM315, ZKSCAN12",nucleus,,http://zinc.docking.org/results/combination?filter.purchasability=purchasable&annotation.name=ZN263_HUMAN,https://cansarblack.icr.ac.uk/target/O14978/synopsis,,,,,,,,0,,0,-3,59,,,,,,,,,,
,Q9Y2X9,ZNF281,"Zinc finger protein 281",,"ZN281_HUMAN, ZNF281, GZP1, ZBP99",Nucleus,"Q9Y2X9 ZN281_HUMAN Zinc finger protein 281 Q9Y2X9,A6NF48,B3KMX2,Q5RKW5,Q9NY92 GC-box-binding zinc finger protein 1, Transcription factor ZBP-99, Zinc finger DNA-binding protein 99 GZP1, ZBP99","nucleoplasm, nucleus",,http://zinc.docking.org/results/combination?filter.purchasability=purchasable&annotation.name=ZN281_HUMAN,https://cansarblack.icr.ac.uk/target/Q9Y2X9/synopsis,,,,,,,,0,,0,-3,59,,,,,,,,,,
,Q8TF68,ZNF384,"Zinc finger protein 384",,"ZN384_HUMAN, ZNF384, CAGH1, CIZ, NMP4, TNRC1",Nucleus,"Q8TF68 ZN384_HUMAN Zinc finger protein 384 Q8TF68,O15407,Q7Z722,Q8N938 CAG repeat protein 1, CAS-interacting zinc finger protein, Nuclear matrix transcription factor 4, Trinucleotide repeat-containing gene 1 protein CAGH1, CIZ, NMP4, TNRC1",nucleus,,http://zinc.docking.org/results/combination?filter.purchasability=purchasable&annotation.name=ZN384_HUMAN,https://cansarblack.icr.ac.uk/target/Q8TF68/synopsis,,,,,,,,0,,0,-3,59,,,,,,,,,,
,Q14592,ZNF460,"Zinc finger protein 460",,"ZN460_HUMAN, ZNF460, ZNF272",Nucleus,"Q14592 ZN460_HUMAN Zinc finger protein 460 Q14592,A4FU64,B4DNX9,Q2VPC7,Q6VSF8 Zinc finger protein 272, Zinc finger protein HZF8 ZNF272",nucleus,,http://zinc.docking.org/results/combination?filter.purchasability=purchasable&annotation.name=ZN460_HUMAN,https://cansarblack.icr.ac.uk/target/Q14592/synopsis,,,,,,,,0,,0,-3,59,,,,,,,,,,
,Q8NDX6,ZNF740,"Zinc finger protein 740",,"ZN740_HUMAN, ZNF740, TB7",Nucleus,"Q8NDX6 ZN740_HUMAN Zinc finger protein 740 Q8NDX6,A8K9M9 OriLyt TD-element-binding protein 7 TB7","chromatin, nucleus",,http://zinc.docking.org/results/combination?filter.purchasability=purchasable&annotation.name=ZN740_HUMAN,https://cansarblack.icr.ac.uk/target/Q8NDX6/synopsis,,,,,,,,0,,0,-3,59,,,,,,,,,,
